<?xml version="1.0" encoding="UTF-8"?>
<project-private xmlns="http://www.netbeans.org/ns/project-private/1">
    <editor-bookmarks xmlns="http://www.netbeans.org/ns/editor-bookmarks/2" lastBookmarkId="0"/>
    <open-files xmlns="http://www.netbeans.org/ns/projectui-open-files/2">
        <group>
            <file>file:/C:/Users/ERICK/Desktop/TRABAJOS%20INDIVIDUALES%20DE%20CAMPO%20TPOO/T3%20TECPOO/src/t3/tecpoo/FramePolo.java</file>
            <file>file:/C:/Users/ERICK/Desktop/TRABAJOS%20INDIVIDUALES%20DE%20CAMPO%20TPOO/T3%20TECPOO/src/t3/tecpoo/FrameInformacionActualizado.java</file>
            <file>file:/C:/Users/ERICK/Desktop/TRABAJOS%20INDIVIDUALES%20DE%20CAMPO%20TPOO/T3%20TECPOO/src/t3/tecpoo/INICIO/FrameInicio.java</file>
            <file>file:/C:/Users/ERICK/Desktop/TRABAJOS%20INDIVIDUALES%20DE%20CAMPO%20TPOO/T3%20TECPOO/src/t3/tecpoo/ClasesRopa/ClasePolo.java</file>
            <file>file:/C:/Users/ERICK/Desktop/TRABAJOS%20INDIVIDUALES%20DE%20CAMPO%20TPOO/T3%20TECPOO/src/t3/tecpoo/FrameLentes.java</file>
            <file>file:/C:/Users/ERICK/Desktop/TRABAJOS%20INDIVIDUALES%20DE%20CAMPO%20TPOO/T3%20TECPOO/src/t3/tecpoo/ClasesRopa/ClaseLente.java</file>
            <file>file:/C:/Users/ERICK/Desktop/TRABAJOS%20INDIVIDUALES%20DE%20CAMPO%20TPOO/T3%20TECPOO/src/t3/tecpoo/FrameVentaRealizada.java</file>
            <file>file:/C:/Users/ERICK/Desktop/TRABAJOS%20INDIVIDUALES%20DE%20CAMPO%20TPOO/T3%20TECPOO/src/t3/tecpoo/FramePantalon.java</file>
            <file>file:/C:/Users/ERICK/Desktop/TRABAJOS%20INDIVIDUALES%20DE%20CAMPO%20TPOO/T3%20TECPOO/src/t3/tecpoo/ClasesRopa/ClasePantalon.java</file>
        </group>
    </open-files>
</project-private>
